insert into produtos (idproduto, quantidade) values (1, 40);
insert into produtos (idproduto, quantidade) values (2, 23);
insert into produtos (idproduto, quantidade) values (3, 30);
insert into produtos (idproduto, quantidade) values (4, 48);
insert into produtos (idproduto, quantidade) values (5, 50);
insert into produtos (idproduto, quantidade) values (6, 65);
insert into produtos (idproduto, quantidade) values (7, 60);
insert into produtos (idproduto, quantidade) values (8, 80);
insert into produtos (idproduto, quantidade) values (9, 77);
insert into produtos (idproduto, quantidade) values (10, 36);
insert into produtos (idproduto, quantidade) values (11, 55);
insert into produtos (idproduto, quantidade) values (12, 96);
insert into produtos (idproduto, quantidade) values (13, 66);
insert into produtos (idproduto, quantidade) values (14, 51);
insert into produtos (idproduto, quantidade) values (15, 46);
insert into produtos (idproduto, quantidade) values (16, 90);
insert into produtos (idproduto, quantidade) values (17, 50);
insert into produtos (idproduto, quantidade) values (18, 56);
insert into produtos (idproduto, quantidade) values (19, 20);
insert into produtos (idproduto, quantidade) values (20, 33);
insert into produtos (idproduto, quantidade) values (21, 97);
insert into produtos (idproduto, quantidade) values (22, 200);
insert into produtos (idproduto, quantidade) values (23, 50);
insert into produtos (idproduto, quantidade) values (24, 100);
insert into produtos (idproduto, quantidade) values (25, 25);
insert into produtos (idproduto, quantidade) values (26, 47);
insert into produtos (idproduto, quantidade) values (27, 90);
insert into produtos (idproduto, quantidade) values (28, 52);
insert into produtos (idproduto, quantidade) values (29, 36);
insert into produtos (idproduto, quantidade) values (30, 30);
insert into produtos (idproduto, quantidade) values (31, 38);
insert into produtos (idproduto, quantidade) values (32, 50);
insert into produtos (idproduto, quantidade) values (33, 50);
insert into produtos (idproduto, quantidade) values (34, 50);
insert into produtos (idproduto, quantidade) values (35, 50);
insert into produtos (idproduto, quantidade) values (36, 50);
insert into produtos (idproduto, quantidade) values (37, 50);
insert into produtos (idproduto, quantidade) values (38, 39);
insert into produtos (idproduto, quantidade) values (39, 55);
insert into produtos (idproduto, quantidade) values (40, 64);
insert into produtos (idproduto, quantidade) values (41, 80);
insert into produtos (idproduto, quantidade) values (42, 87);
insert into produtos (idproduto, quantidade) values (43, 88);
insert into produtos (idproduto, quantidade) values (44, 54);
insert into produtos (idproduto, quantidade) values (45, 72);



insert into controle (mercadoria, entrada, saida) values ('Apontador', '2017/01/01', '2017/01/30');
insert into controle (mercadoria, entrada, saida) values ('Agenda', '2017/01/02', '2017/01/17');
insert into controle (mercadoria, entrada, saida) values ('Bloco de notas', '2017/01/03', '2017/01/25');
insert into controle (mercadoria, entrada, saida) values ('Borracha', '2017/01/02', '2017/01/19');
insert into controle (mercadoria, entrada, saida) values ('CD/DVD', '2017/01/02', '2017/01/20');
insert into controle (mercadoria, entrada, saida) values ('Caderno de caligrafia', '2017/01/02', '2017/01/17');
insert into controle (mercadoria, entrada, saida) values ('Caderno de desenho', '2017/01/01', '2017/01/29');
insert into controle (mercadoria, entrada, saida) values ('Caderno espiral', '2017/01/03', '2017/01/28');
insert into controle (mercadoria, entrada, saida) values ('Caneta', '2017/01/02', '2017/01/21');
insert into controle (mercadoria, entrada, saida) values ('Canetão', '2017/01/02', '2017/01/17');
insert into controle (mercadoria, entrada, saida) values ('Carimbo', '2017/01/02', '2017/01/18');
insert into controle (mercadoria, entrada, saida) values ('Cartolina', '2017/01/01', '2017/01/28');
insert into controle (mercadoria, entrada, saida) values ('Cola', '2017/01/01', '2017/01/29');
insert into controle (mercadoria, entrada, saida) values ('Compasso', '2017/01/03', '2017/01/26');
insert into controle (mercadoria, entrada, saida) values ('Corretivo', '2017/01/03', '2017/01/29');
insert into controle (mercadoria, entrada, saida) values ('Envelope', '2017/01/01', '2017/01/28');
insert into controle (mercadoria, entrada, saida) values ('Estojo', '2017/01/02', '2017/01/23');
insert into controle (mercadoria, entrada, saida) values ('Etiquetas', '2017/01/01', '2017/01/23');
insert into controle (mercadoria, entrada, saida) values ('Fichario', '2017/01/02', '2017/01/24');
insert into controle (mercadoria, entrada, saida) values ('Fitas', '2017/01/02', '2017/01/30');
insert into controle (mercadoria, entrada, saida) values ('Folha EVA', '2017/01/03', '2017/01/29');
insert into controle (mercadoria, entrada, saida) values ('Folha sulfite', '2017/01/02', '2017/01/29');
insert into controle (mercadoria, entrada, saida) values ('Giz de Cera', '2017/01/01', '2017/01/28');
insert into controle (mercadoria, entrada, saida) values ('Grafite', '2017/01/02', '2017/01/20');
insert into controle (mercadoria, entrada, saida) values ('Grampeador', '2017/01/02', '2017/01/28');
insert into controle (mercadoria, entrada, saida) values ('Isopor', '2017/01/02', '2017/01/25');
insert into controle (mercadoria, entrada, saida) values ('Lápis', '2017/01/03', '2017/01/22');
insert into controle (mercadoria, entrada, saida) values ('Lápis de cor', '2017/01/02', '2017/01/03');
insert into controle (mercadoria, entrada, saida) values ('Lapizeira', '2017/01/02', '2017/01/17');
insert into controle (mercadoria, entrada, saida) values ('Livros', '2017/01/02', '2017/01/26');
insert into controle (mercadoria, entrada, saida) values ('Marca texto', '2017/01/03', '2017/01/19');
insert into controle (mercadoria, entrada, saida) values ('Papel almaço', '2017/01/03', '2017/01/20');
insert into controle (mercadoria, entrada, saida) values ('Papel camurça', '2017/01/01', '2017/01/24');
insert into controle (mercadoria, entrada, saida) values ('Papel carbono', '2017/01/01', '2017/01/26');
insert into controle (mercadoria, entrada, saida) values ('Papel cartão', '2017/01/02', '2017/01/26');
insert into controle (mercadoria, entrada, saida) values ('Papel crepom', '2017/01/02', '2017/01/28');
insert into controle (mercadoria, entrada, saida) values ('Papel  machê', '2017/01/01', '2017/01/25');
insert into controle (mercadoria, entrada, saida) values ('Pasta aba elástica', '2017/01/02', '2017/01/17');
insert into controle (mercadoria, entrada, saida) values ('Pincéis', '2017/01/02', '2017/01/23');
insert into controle (mercadoria, entrada, saida) values ('Potes gliter', '2017/01/01', '2017/01/29');
insert into controle (mercadoria, entrada, saida) values ('Régua', '2017/01/03', '2017/01/23');
insert into controle (mercadoria, entrada, saida) values ('Tinta', '2017/01/01', '2017/01/27');
insert into controle (mercadoria, entrada, saida) values ('Tinta guachê', '2017/01/03', '2017/01/27');
insert into controle (mercadoria, entrada, saida) values ('Tinta palhaço', '2017/01/03', '2017/01/27');
insert into controle (mercadoria, entrada, saida) values ('Tesoura', '2017/01/03', '2017/01/25');



insert into produtos_has_controle (produtos_idproduto, controle_mercadoria) values (1, 'Apontador');
insert into produtos_has_controle (produtos_idproduto, controle_mercadoria) values (2, 'Agenda');
insert into produtos_has_controle (produtos_idproduto, controle_mercadoria) values (3, 'Bloco de notas');
insert into produtos_has_controle (produtos_idproduto, controle_mercadoria) values (4, 'Borracha');
insert into produtos_has_controle (produtos_idproduto, controle_mercadoria) values (5, 'CD/DVD');
insert into produtos_has_controle (produtos_idproduto, controle_mercadoria) values (6, 'Caderno de caligrafia');
insert into produtos_has_controle (produtos_idproduto, controle_mercadoria) values (7, 'Caderno de desenho');
insert into produtos_has_controle (produtos_idproduto, controle_mercadoria) values (8, 'Caderno espiral');
insert into produtos_has_controle (produtos_idproduto, controle_mercadoria) values (9, 'Caneta');
insert into produtos_has_controle (produtos_idproduto, controle_mercadoria) values (10, 'Canetão');
insert into produtos_has_controle (produtos_idproduto, controle_mercadoria) values (11, 'Carimbo');
insert into produtos_has_controle (produtos_idproduto, controle_mercadoria) values (12, 'Cartolina');
insert into produtos_has_controle (produtos_idproduto, controle_mercadoria) values (13, 'Cola');
insert into produtos_has_controle (produtos_idproduto, controle_mercadoria) values (14, 'Compasso');
insert into produtos_has_controle (produtos_idproduto, controle_mercadoria) values (15,  'Corretivo');
insert into produtos_has_controle (produtos_idproduto, controle_mercadoria) values (16, 'Envelope');
insert into produtos_has_controle (produtos_idproduto, controle_mercadoria) values (17, 'Estojo');
insert into produtos_has_controle (produtos_idproduto, controle_mercadoria) values (18, 'Etiquetas');
insert into produtos_has_controle (produtos_idproduto, controle_mercadoria) values (19, 'Fichario');
insert into produtos_has_controle (produtos_idproduto, controle_mercadoria) values (20, 'Fitas');
insert into produtos_has_controle (produtos_idproduto, controle_mercadoria) values (21, 'Folha EVA');
insert into produtos_has_controle (produtos_idproduto, controle_mercadoria) values (22, 'Folha sulfite');
insert into produtos_has_controle (produtos_idproduto, controle_mercadoria) values (23, 'Giz de Cera');
insert into produtos_has_controle (produtos_idproduto, controle_mercadoria) values (24, 'Grafite');
insert into produtos_has_controle (produtos_idproduto, controle_mercadoria) values (25, 'Grampeador');
insert into produtos_has_controle (produtos_idproduto, controle_mercadoria) values (26, 'Isopor');
insert into produtos_has_controle (produtos_idproduto, controle_mercadoria) values (27, 'Lápis');
insert into produtos_has_controle (produtos_idproduto, controle_mercadoria) values (28, 'Lápis de cor');
insert into produtos_has_controle (produtos_idproduto, controle_mercadoria) values (29, 'Lapizeira');
insert into produtos_has_controle (produtos_idproduto, controle_mercadoria) values (30, 'Livros');
insert into produtos_has_controle (produtos_idproduto, controle_mercadoria) values (31, 'Marca texto');
insert into produtos_has_controle (produtos_idproduto, controle_mercadoria) values (32, 'Papel almaço');
insert into produtos_has_controle (produtos_idproduto, controle_mercadoria) values (33, 'Papel camurça');
insert into produtos_has_controle (produtos_idproduto, controle_mercadoria) values (34, 'Papel carbono');
insert into produtos_has_controle (produtos_idproduto, controle_mercadoria) values (35, 'Papel cartão');
insert into produtos_has_controle (produtos_idproduto, controle_mercadoria) values (36, 'Papel crepom');
insert into produtos_has_controle (produtos_idproduto, controle_mercadoria) values (37, 'Papel machê');
insert into produtos_has_controle (produtos_idproduto, controle_mercadoria) values (38, 'Pasta aba elástica');
insert into produtos_has_controle (produtos_idproduto, controle_mercadoria) values (39, 'Pincéis');
insert into produtos_has_controle (produtos_idproduto, controle_mercadoria) values (40, 'Potes gliter');
insert into produtos_has_controle (produtos_idproduto, controle_mercadoria) values (41, 'Régua');
insert into produtos_has_controle (produtos_idproduto, controle_mercadoria) values (42, 'Tinta');
insert into produtos_has_controle (produtos_idproduto, controle_mercadoria) values (43, 'Tinta guachê');
insert into produtos_has_controle (produtos_idproduto, controle_mercadoria) values (44, 'Tinta palhaço');
insert into produtos_has_controle (produtos_idproduto, controle_mercadoria) values (45, 'Tesoura');
