insert into produtos (id_produto, nome) values (1, 'Apontador');
insert into produtos (id_produto, nome) values (2, 'Agenda');
insert into produtos (id_produto, nome) values (3, 'Bloco de notas');
insert into produtos (id_produto, nome) values (4, 'Borracha');
insert into produtos (id_produto, nome) values (5, 'CD/DVD');
insert into produtos (id_produto, nome) values (6, 'Caderno de caligrafia');
insert into produtos (id_produto, nome) values (7, 'Caderno de desenho');
insert into produtos (id_produto, nome) values (8, 'Caderno espiral');
insert into produtos (id_produto, nome) values (9, 'Caneta');
insert into produtos (id_produto, nome) values (10, 'Canetão');
insert into produtos (id_produto, nome) values (11, 'Carimbo');
insert into produtos (id_produto, nome) values (12, 'Cartolina');
insert into produtos (id_produto, nome) values (13, 'Cola');
insert into produtos (id_produto, nome) values (14, 'Compasso');
insert into produtos (id_produto, nome) values (15,  'Corretivo');
insert into produtos (id_produto, nome) values (16, 'Envelope');
insert into produtos (id_produto, nome) values (17, 'Estojo');
insert into produtos (id_produto, nome) values (18, 'Etiquetas');
insert into produtos (id_produto, nome) values (19, 'Fichario');
insert into produtos (id_produto, nome) values (20, 'Fitas');
insert into produtos (id_produto, nome) values (21, 'Folha EVA');
insert into produtos (id_produto, nome) values (22, 'Folha sulfite');
insert into produtos (id_produto, nome) values (23, 'Giz de Cera');
insert into produtos (id_produto, nome) values (24, 'Grafite');
insert into produtos (id_produto, nome) values (25, 'Grampeador');
insert into produtos (id_produto, nome) values (26, 'Isopor');
insert into produtos (id_produto, nome) values (27, 'Lápis');
insert into produtos (id_produto, nome) values (28, 'Lápis de cor');
insert into produtos (id_produto, nome) values (29, 'Lapizeira');
insert into produtos (id_produto, nome) values (30, 'Livros');
insert into produtos (id_produto, nome) values (31, 'Marca texto');
insert into produtos (id_produto, nome) values (32, 'Papel almaço');
insert into produtos (id_produto, nome) values (33, 'Papel camurça');
insert into produtos (id_produto, nome) values (34, 'Papel carbono');
insert into produtos (id_produto, nome) values (35, 'Papel cartão');
insert into produtos (id_produto, nome) values (36, 'Papel crepom');
insert into produtos (id_produto, nome) values (37, 'Papel machê');
insert into produtos (id_produto, nome) values (38, 'Pasta aba elástica');
insert into produtos (id_produto, nome) values (39, 'Pincéis');
insert into produtos (id_produto, nome) values (40, 'Potes gliter');
insert into produtos (id_produto, nome) values (41, 'Régua');
insert into produtos (id_produto, nome) values (42, 'Tinta');
insert into produtos (id_produto, nome) values (43, 'Tinta guachê');
insert into produtos (id_produto, nome) values (44, 'Tinta palhaço');
insert into produtos (id_produto, nome) values (45, 'Tesoura');



insert into entrada (id_entrada, id_produto, quantidade, data_entrada) values (1, 1, 40, '2017/01/01');
insert into entrada (id_entrada, id_produto, quantidade, data_entrada) values (2, 2, 23, '2017/01/01');
insert into entrada (id_entrada, id_produto, quantidade, data_entrada) values (3, 3, 30, '2017/01/01');
insert into entrada (id_entrada, id_produto, quantidade, data_entrada) values (4, 4, 48, '2017/01/01');
insert into entrada (id_entrada, id_produto, quantidade, data_entrada) values (5, 5, 50, '2017/01/02');
insert into entrada (id_entrada, id_produto, quantidade, data_entrada) values (6, 6, 65, '2017/01/01');
insert into entrada (id_entrada, id_produto, quantidade, data_entrada) values (7, 7, 60, '2017/01/02');
insert into entrada (id_entrada, id_produto, quantidade, data_entrada) values (8, 8, 80, '2017/01/02');
insert into entrada (id_entrada, id_produto, quantidade, data_entrada) values (9, 9, 77, '2017/01/01');
insert into entrada (id_entrada, id_produto, quantidade, data_entrada) values (10, 10, 36, '2017/01/01');
insert into entrada (id_entrada, id_produto, quantidade, data_entrada) values (11, 11, 55, '2017/01/01');
insert into entrada (id_entrada, id_produto, quantidade, data_entrada) values (12, 12, 96, '2017/01/01');
insert into entrada (id_entrada, id_produto, quantidade, data_entrada) values (13, 13, 66, '2017/01/01');
insert into entrada (id_entrada, id_produto, quantidade, data_entrada) values (14, 14, 51, '2017/01/01');
insert into entrada (id_entrada, id_produto, quantidade, data_entrada) values (15, 15, 46, '2017/01/01');
insert into entrada (id_entrada, id_produto, quantidade, data_entrada) values (16, 16, 90, '2017/01/01');
insert into entrada (id_entrada, id_produto, quantidade, data_entrada) values (17, 17, 50, '2017/01/03');
insert into entrada (id_entrada, id_produto, quantidade, data_entrada) values (18, 18, 56, '2017/01/03');
insert into entrada (id_entrada, id_produto, quantidade, data_entrada) values (19, 19, 20, '2017/01/03');
insert into entrada (id_entrada, id_produto, quantidade, data_entrada) values (20, 20, 33, '2017/01/03');
insert into entrada (id_entrada, id_produto, quantidade, data_entrada) values (21, 21, 97, '2017/01/03');
insert into entrada (id_entrada, id_produto, quantidade, data_entrada) values (22, 22, 200, '2017/01/1');
insert into entrada (id_entrada, id_produto, quantidade, data_entrada) values (23, 23, 50, '2017/01/01');
insert into entrada (id_entrada, id_produto, quantidade, data_entrada) values (22, 24, 100, '2017/01/1');
insert into entrada (id_entrada, id_produto, quantidade, data_entrada) values (25, 25, 25, '2017/01/02');
insert into entrada (id_entrada, id_produto, quantidade, data_entrada) values (26, 26, 47, '2017/01/02');
insert into entrada (id_entrada, id_produto, quantidade, data_entrada) values (27, 27, 90, '2017/01/02');
insert into entrada (id_entrada, id_produto, quantidade, data_entrada) values (28, 28, 52, '2017/01/02');
insert into entrada (id_entrada, id_produto, quantidade, data_entrada) values (29, 29, 36, '2017/01/02');
insert into entrada (id_entrada, id_produto, quantidade, data_entrada) values (30, 30, 30, '2017/01/02');
insert into entrada (id_entrada, id_produto, quantidade, data_entrada) values (31, 31, 38, '2017/01/01');
insert into entrada (id_entrada, id_produto, quantidade, data_entrada) values (32, 32, 50, '2017/01/01');
insert into entrada (id_entrada, id_produto, quantidade, data_entrada) values (33, 33, 50, '2017/01/01');
insert into entrada (id_entrada, id_produto, quantidade, data_entrada) values (34, 34, 50, '2017/01/01');
insert into entrada (id_entrada, id_produto, quantidade, data_entrada) values (35, 35, 50, '2017/01/01');
insert into entrada (id_entrada, id_produto, quantidade, data_entrada) values (36, 36, 50, '2017/01/01');
insert into entrada (id_entrada, id_produto, quantidade, data_entrada) values (37, 37, 50, '2017/01/01');
insert into entrada (id_entrada, id_produto, quantidade, data_entrada) values (38, 38, 39, '2017/01/02');
insert into entrada (id_entrada, id_produto, quantidade, data_entrada) values (39, 39, 55, '2017/01/03');
insert into entrada (id_entrada, id_produto, quantidade, data_entrada) values (40, 40, 64, '2017/01/01');
insert into entrada (id_entrada, id_produto, quantidade, data_entrada) values (41, 41, 80, '2017/01/03');
insert into entrada (id_entrada, id_produto, quantidade, data_entrada) values (42, 42, 87, '2017/01/02');
insert into entrada (id_entrada, id_produto, quantidade, data_entrada) values (43, 43, 88, '2017/01/02');
insert into entrada (id_entrada, id_produto, quantidade, data_entrada) values (44, 44, 54, '2017/01/01');
insert into entrada (id_entrada, id_produto, quantidade, data_entrada) values (45, 45, 72, '2017/01/01');


insert into saida (id_saida, id_produto, quantidade, data_saida) values (1, 1, 32, '2017/02/02');
insert into saida (id_saida, id_produto, quantidade, data_saida) values (2, 2, 13, '2017/02/01');
insert into saida (id_saida, id_produto, quantidade, data_saida) values (3, 3, 18, '2017/02/02');
insert into saida (id_saida, id_produto, quantidade, data_saida) values (4, 4, 15, '2017/02/02');
insert into saida (id_saida, id_produto, quantidade, data_saida) values (5, 5, 43, '2017/02/03');
insert into saida (id_saida, id_produto, quantidade, data_saida) values (6, 6, 51, '2017/02/02');
insert into saida (id_saida, id_produto, quantidade, data_saida) values (7, 7, 33, '2017/02/03');
insert into saida (id_saida, id_produto, quantidade, data_saida) values (8, 8, 47, '2017/02/03');
insert into saida (id_saida, id_produto, quantidade, data_saida) values (9, 9, 44, '2017/02/03');
insert into saida (id_saida, id_produto, quantidade, data_saida) values (10, 10, 30, '2017/02/03');
insert into saida (id_saida, id_produto, quantidade, data_saida) values (11, 11, 49, '2017/02/02');
insert into saida (id_saida, id_produto, quantidade, data_saida) values (12, 12, 55, '2017/02/02');
insert into saida (id_saida, id_produto, quantidade, data_saida) values (13, 13, 29, '2017/02/01');
insert into saida (id_saida, id_produto, quantidade, data_saida) values (14, 14, 11, '2017/02/01');
insert into saida (id_saida, id_produto, quantidade, data_saida) values (15, 15, 16, '2017/02/01');
insert into saida (id_saida, id_produto, quantidade, data_saida) values (16, 16, 58, '2017/02/03');
insert into saida (id_saida, id_produto, quantidade, data_saida) values (17, 17, 36, '2017/02/03');
insert into saida (id_saida, id_produto, quantidade, data_saida) values (18, 18, 50, '2017/02/03');
insert into saida (id_saida, id_produto, quantidade, data_saida) values (19, 19, 18, '2017/02/02');
insert into saida (id_saida, id_produto, quantidade, data_saida) values (20, 20, 25, '2017/02/02');
insert into saida (id_saida, id_produto, quantidade, data_saida) values (21, 21, 62, '2017/02/02');
insert into saida (id_saida, id_produto, quantidade, data_saida) values (22, 22, 127, '2017/02/02');
insert into saida (id_saida, id_produto, quantidade, data_saida) values (23, 23, 35, '2017/02/02');
insert into saida (id_saida, id_produto, quantidade, data_saida) values (24, 24, 78, '2017/02/01');
insert into saida (id_saida, id_produto, quantidade, data_saida) values (25, 25, 21, '2017/02/01');
insert into saida (id_saida, id_produto, quantidade, data_saida) values (26, 26, 32, '2017/02/03');
insert into saida (id_saida, id_produto, quantidade, data_saida) values (27, 27, 43, '2017/02/01');
insert into saida (id_saida, id_produto, quantidade, data_saida) values (28, 28, 23, '2017/02/01');
insert into saida (id_saida, id_produto, quantidade, data_saida) values (29, 29, 27, '2017/02/01');
insert into saida (id_saida, id_produto, quantidade, data_saida) values (30, 30, 18, '2017/02/02');
insert into saida (id_saida, id_produto, quantidade, data_saida) values (31, 31, 24, '2017/02/02');
insert into saida (id_saida, id_produto, quantidade, data_saida) values (32, 32, 35, '2017/02/01');
insert into saida (id_saida, id_produto, quantidade, data_saida) values (33, 33, 29, '2017/02/01');
insert into saida (id_saida, id_produto, quantidade, data_saida) values (34, 34, 39, '2017/02/03');
insert into saida (id_saida, id_produto, quantidade, data_saida) values (35, 35, 34, '2017/02/01');
insert into saida (id_saida, id_produto, quantidade, data_saida) values (36, 36, 30, '2017/02/03');
insert into saida (id_saida, id_produto, quantidade, data_saida) values (37, 37, 19, '2017/02/02');
insert into saida (id_saida, id_produto, quantidade, data_saida) values (38, 38, 11, '2017/02/01');
insert into saida (id_saida, id_produto, quantidade, data_saida) values (39, 39, 42, '2017/02/01');
insert into saida (id_saida, id_produto, quantidade, data_saida) values (40, 40, 47, '2017/02/02');
insert into saida (id_saida, id_produto, quantidade, data_saida) values (41, 41, 59, '2017/02/02');
insert into saida (id_saida, id_produto, quantidade, data_saida) values (42, 42, 51, '2017/02/02');
insert into saida (id_saida, id_produto, quantidade, data_saida) values (43, 43, 63, '2017/02/03');
insert into saida (id_saida, id_produto, quantidade, data_saida) values (44, 44, 36, '2017/02/01');
insert into saida (id_saida, id_produto, quantidade, data_saida) values (45, 45, 27, '2017/02/01');
