insert into produtos (idproduto, nome) values (1, 'Apontador');
insert into produtos (idproduto, nome) values (2, 'Agenda');
insert into produtos (idproduto, nome) values (3, 'Bloco de notas');
insert into produtos (idproduto, nome) values (4, 'Borracha');
insert into produtos (idproduto, nome) values (5, 'CD/DVD');
insert into produtos (idproduto, nome) values (6, 'Caderno de caligrafia');
insert into produtos (idproduto, nome) values (7, 'Caderno de desenho');
insert into produtos (idproduto, nome) values (8, 'Caderno espiral');
insert into produtos (idproduto, nome) values (9, 'Caneta');
insert into produtos (idproduto, nome) values (10, 'Canetão');
insert into produtos (idproduto, nome) values (11, 'Carimbo');
insert into produtos (idproduto, nome) values (12, 'Cartolina');
insert into produtos (idproduto, nome) values (13, 'Cola');
insert into produtos (idproduto, nome) values (14, 'Compasso');
insert into produtos (idproduto, nome) values (15,  'Corretivo');
insert into produtos (idproduto, nome) values (16, 'Envelope');
insert into produtos (idproduto, nome) values (17, 'Estojo');
insert into produtos (idproduto, nome) values (18, 'Etiquetas');
insert into produtos (idproduto, nome) values (19, 'Fichario');
insert into produtos (idproduto, nome) values (20, 'Fitas');
insert into produtos (idproduto, nome) values (21, 'Folha EVA');
insert into produtos (idproduto, nome) values (22, 'Folha sulfite');
insert into produtos (idproduto, nome) values (23, 'Giz de Cera');
insert into produtos (idproduto, nome) values (24, 'Grafite');
insert into produtos (idproduto, nome) values (25, 'Grampeador');
insert into produtos (idproduto, nome) values (26, 'Isopor');
insert into produtos (idproduto, nome) values (27, 'Lápis');
insert into produtos (idproduto, nome) values (28, 'Lápis de cor');
insert into produtos (idproduto, nome) values (29, 'Lapizeira');
insert into produtos (idproduto, nome) values (30, 'Livros');
insert into produtos (idproduto, nome) values (31, 'Marca texto');
insert into produtos (idproduto, nome) values (32, 'Papel almaço');
insert into produtos (idproduto, nome) values (33, 'Papel camurça');
insert into produtos (idproduto, nome) values (34, 'Papel carbono');
insert into produtos (idproduto, nome) values (35, 'Papel cartão');
insert into produtos (idproduto, nome) values (36, 'Papel crepom');
insert into produtos (idproduto, nome) values (37, 'Papel machê');
insert into produtos (idproduto, nome) values (38, 'Pasta aba elástica');
insert into produtos (idproduto, nome) values (39, 'Pincéis');
insert into produtos (idproduto, nome) values (40, 'Potes gliter');
insert into produtos (idproduto, nome) values (41, 'Régua');
insert into produtos (idproduto, nome) values (42, 'Tinta');
insert into produtos (idproduto, nome) values (43, 'Tinta guachê');
insert into produtos (idproduto, nome) values (44, 'Tinta palhaço');
insert into produtos (idproduto, nome) values (45, 'Tesoura');



insert into entrada (idproduto, quantidade, transação1, produtos_idproduto) values (1, 40, '2017/01/01', 1);
insert into entrada (idproduto, quantidade, transação1, produtos_idproduto) values (2, 23, '2017/01/01', 2);
insert into entrada (idproduto, quantidade, transação1, produtos_idproduto) values (3, 30, '2017/01/01', 3);
insert into entrada (idproduto, quantidade, transação1, produtos_idproduto) values (4, 48, '2017/01/01', 4);
insert into entrada (idproduto, quantidade, transação1, produtos_idproduto) values (5, 50, '2017/01/02', 5);
insert into entrada (idproduto, quantidade, transação1, produtos_idproduto) values (6, 65, '2017/01/01', 6);
insert into entrada (idproduto, quantidade, transação1, produtos_idproduto) values (7, 60, '2017/01/02', 7);
insert into entrada (idproduto, quantidade, transação1, produtos_idproduto) values (8, 80, '2017/01/02', 8);
insert into entrada (idproduto, quantidade, transação1, produtos_idproduto) values (9, 77, '2017/01/01', 9);
insert into entrada (idproduto, quantidade, transação1, produtos_idproduto) values (10, 36, '2017/01/01', 10);
insert into entrada (idproduto, quantidade, transação1, produtos_idproduto) values (11, 55, '2017/01/01', 11);
insert into entrada (idproduto, quantidade, transação1, produtos_idproduto) values (12, 96, '2017/01/01', 12);
insert into entrada (idproduto, quantidade, transação1, produtos_idproduto) values (13, 66, '2017/01/01', 13);
insert into entrada (idproduto, quantidade, transação1, produtos_idproduto) values (14, 51, '2017/01/01', 14);
insert into entrada (idproduto, quantidade, transação1, produtos_idproduto) values (15, 46, '2017/01/01', 15);
insert into entrada (idproduto, quantidade, transação1, produtos_idproduto) values (16, 90, '2017/01/01', 16);
insert into entrada (idproduto, quantidade, transação1, produtos_idproduto) values (17, 50, '2017/01/03', 17);
insert into entrada (idproduto, quantidade, transação1, produtos_idproduto) values (18, 56, '2017/01/03', 18);
insert into entrada (idproduto, quantidade, transação1, produtos_idproduto) values (19, 20, '2017/01/03', 19);
insert into entrada (idproduto, quantidade, transação1, produtos_idproduto) values (20, 33, '2017/01/03', 20);
insert into entrada (idproduto, quantidade, transação1, produtos_idproduto) values (21, 97, '2017/01/03', 21);
insert into entrada (idproduto, quantidade, transação1, produtos_idproduto) values (22, 200, '2017/01/1', 22);
insert into entrada (idproduto, quantidade, transação1, produtos_idproduto) values (23, 50, '2017/01/01', 23);
insert into entrada (idproduto, quantidade, transação1, produtos_idproduto) values (24, 100, '2017/01/01', 24);
insert into entrada (idproduto, quantidade, transação1, produtos_idproduto) values (25, 25, '2017/01/02', 25);
insert into entrada (idproduto, quantidade, transação1, produtos_idproduto) values (26, 47, '2017/01/02', 26);
insert into entrada (idproduto, quantidade, transação1, produtos_idproduto) values (27, 90, '2017/01/02', 27);
insert into entrada (idproduto, quantidade, transação1, produtos_idproduto) values (28, 52, '2017/01/02', 28);
insert into entrada (idproduto, quantidade, transação1, produtos_idproduto) values (29, 36, '2017/01/02', 29);
insert into entrada (idproduto, quantidade, transação1, produtos_idproduto) values (30, 30, '2017/01/02', 30);
insert into entrada (idproduto, quantidade, transação1, produtos_idproduto) values (31, 38, '2017/01/01', 31);
insert into entrada (idproduto, quantidade, transação1, produtos_idproduto) values (32, 50, '2017/01/01', 32);
insert into entrada (idproduto, quantidade, transação1, produtos_idproduto) values (33, 50, '2017/01/01', 33);
insert into entrada (idproduto, quantidade, transação1, produtos_idproduto) values (34, 50, '2017/01/01', 34);
insert into entrada (idproduto, quantidade, transação1, produtos_idproduto) values (35, 50, '2017/01/01', 35);
insert into entrada (idproduto, quantidade, transação1, produtos_idproduto) values (36, 50, '2017/01/01', 36);
insert into entrada (idproduto, quantidade, transação1, produtos_idproduto) values (37, 50, '2017/01/01', 37);
insert into entrada (idproduto, quantidade, transação1, produtos_idproduto) values (38, 39, '2017/01/02', 38);
insert into entrada (idproduto, quantidade, transação1, produtos_idproduto) values (39, 55, '2017/01/03', 39);
insert into entrada (idproduto, quantidade, transação1, produtos_idproduto) values (40, 64, '2017/01/01', 40);
insert into entrada (idproduto, quantidade, transação1, produtos_idproduto) values (41, 80, '2017/01/03', 41);
insert into entrada (idproduto, quantidade, transação1, produtos_idproduto) values (42, 87, '2017/01/02', 42);
insert into entrada (idproduto, quantidade, transação1, produtos_idproduto) values (43, 88, '2017/01/02', 43);
insert into entrada (idproduto, quantidade, transação1, produtos_idproduto) values (44, 54, '2017/01/01', 44);
insert into entrada (idproduto, quantidade, transação1, produtos_idproduto) values (45, 72, '2017/01/01', 45);



insert into saida (idproduto, quantidade, transação2, produtos_idproduto) values (1, 32, '2017/02/02', 1);
insert into saida (idproduto, quantidade, transação2, produtos_idproduto) values (2, 13, '2017/02/01', 2);
insert into saida (idproduto, quantidade, transação2, produtos_idproduto) values (3, 18, '2017/02/02', 3);
insert into saida (idproduto, quantidade, transação2, produtos_idproduto) values (4, 15, '2017/02/02', 4);
insert into saida (idproduto, quantidade, transação2, produtos_idproduto) values (5, 43, '2017/02/03', 5);
insert into saida (idproduto, quantidade, transação2, produtos_idproduto) values (6, 51, '2017/02/02', 6);
insert into saida (idproduto, quantidade, transação2, produtos_idproduto) values (7, 33, '2017/02/03', 7);
insert into saida (idproduto, quantidade, transação2, produtos_idproduto) values (8, 47, '2017/02/03', 8);
insert into saida (idproduto, quantidade, transação2, produtos_idproduto) values (9, 44, '2017/02/03', 9);
insert into saida (idproduto, quantidade, transação2, produtos_idproduto) values (10, 30, '2017/02/03', 10);
insert into saida (idproduto, quantidade, transação2, produtos_idproduto) values (11, 49, '2017/02/02', 11);
insert into saida (idproduto, quantidade, transação2, produtos_idproduto) values (12, 55, '2017/02/02', 12);
insert into saida (idproduto, quantidade, transação2, produtos_idproduto) values (13, 29, '2017/02/01', 13);
insert into saida (idproduto, quantidade, transação2, produtos_idproduto) values (14, 11, '2017/02/01', 14);
insert into saida (idproduto, quantidade, transação2, produtos_idproduto) values (15, 16, '2017/02/01', 15);
insert into saida (idproduto, quantidade, transação2, produtos_idproduto) values (16, 58, '2017/02/03', 16);
insert into saida (idproduto, quantidade, transação2, produtos_idproduto) values (17, 36, '2017/02/03', 17);
insert into saida (idproduto, quantidade, transação2, produtos_idproduto) values (18, 50, '2017/02/03', 18);
insert into saida (idproduto, quantidade, transação2, produtos_idproduto) values (19, 18, '2017/02/02', 19);
insert into saida (idproduto, quantidade, transação2, produtos_idproduto) values (20, 25, '2017/02/02', 20);
insert into saida (idproduto, quantidade, transação2, produtos_idproduto) values (21, 62, '2017/02/02', 21);
insert into saida (idproduto, quantidade, transação2, produtos_idproduto) values (22, 127, '2017/02/02', 22);
insert into saida (idproduto, quantidade, transação2, produtos_idproduto) values (23, 35, '2017/02/02', 23);
insert into saida (idproduto, quantidade, transação2, produtos_idproduto) values (24, 78, '2017/02/01', 24);
insert into saida (idproduto, quantidade, transação2, produtos_idproduto) values (25, 21, '2017/02/01', 25);
insert into saida (idproduto, quantidade, transação2, produtos_idproduto) values (26, 32, '2017/02/03', 26);
insert into saida (idproduto, quantidade, transação2, produtos_idproduto) values (27, 43, '2017/02/01', 27);
insert into saida (idproduto, quantidade, transação2, produtos_idproduto) values (28, 23, '2017/02/01', 28);
insert into saida (idproduto, quantidade, transação2, produtos_idproduto) values (29, 27, '2017/02/01', 29);
insert into saida (idproduto, quantidade, transação2, produtos_idproduto) values (30, 18, '2017/02/02', 30);
insert into saida (idproduto, quantidade, transação2, produtos_idproduto) values (31, 24, '2017/02/02', 31);
insert into saida (idproduto, quantidade, transação2, produtos_idproduto) values (32, 35, '2017/02/01', 32);
insert into saida (idproduto, quantidade, transação2, produtos_idproduto) values (33, 29, '2017/02/01', 33);
insert into saida (idproduto, quantidade, transação2, produtos_idproduto) values (34, 39, '2017/02/03', 34);
insert into saida (idproduto, quantidade, transação2, produtos_idproduto) values (35, 34, '2017/02/01', 35);
insert into saida (idproduto, quantidade, transação2, produtos_idproduto) values (36, 30, '2017/02/03', 36);
insert into saida (idproduto, quantidade, transação2, produtos_idproduto) values (37, 19, '2017/02/02', 37);
insert into saida (idproduto, quantidade, transação2, produtos_idproduto) values (38, 11, '2017/02/01', 38);
insert into saida (idproduto, quantidade, transação2, produtos_idproduto) values (39, 42, '2017/02/01', 39);
insert into saida (idproduto, quantidade, transação2, produtos_idproduto) values (40, 47, '2017/02/02', 40);
insert into saida (idproduto, quantidade, transação2, produtos_idproduto) values (41, 59, '2017/02/02', 41);
insert into saida (idproduto, quantidade, transação2, produtos_idproduto) values (42, 51, '2017/02/02', 42);
insert into saida (idproduto, quantidade, transação2, produtos_idproduto) values (43, 63, '2017/02/03', 43);
insert into saida (idproduto, quantidade, transação2, produtos_idproduto) values (44, 36, '2017/02/01', 44);
insert into saida (idproduto, quantidade, transação2, produtos_idproduto) values (45, 27, '2017/02/01', 45);
